<?xml version="1.0" encoding="UTF-8"?>
<build-type xmlns:xsi="http://www.w3.org/2001/XMLSchema-instance" uuid="97c0135c-2b11-47d9-b35c-5a879d80e2f8" xsi:noNamespaceSchemaLocation="https://www.jetbrains.com/teamcity/schemas/2021.1/project-config.xsd">
  <name>HomeControl_GUI</name>
  <description>The GUI build for homecontrol</description>
  <settings>
    <parameters />
    <build-runners>
      <runner id="RUNNER_7" name="Clean slate install" type="nodejs-runner">
        <parameters>
          <param name="plugin.docker.imageId" value="node:lts" />
          <param name="plugin.docker.imagePlatform" value="linux" />
          <param name="shellScript" value="npm ci" />
          <param name="teamcity.step.mode" value="default" />
        </parameters>
      </runner>
      <runner id="RUNNER_8" name="Install lint" type="nodejs-runner">
        <parameters>
          <param name="plugin.docker.imageId" value="node:lts" />
          <param name="plugin.docker.imagePlatform" value="linux" />
          <param name="shellScript" value="npm run lint" />
          <param name="teamcity.step.mode" value="default" />
        </parameters>
      </runner>
      <runner id="RUNNER_9" name="Run and test" type="nodejs-runner">
        <parameters>
          <param name="plugin.docker.imageId" value="node:lts" />
          <param name="plugin.docker.imagePlatform" value="linux" />
          <param name="shellScript" value="npm run test" />
          <param name="teamcity.step.mode" value="default" />
        </parameters>
      </runner>
    </build-runners>
    <vcs-settings>
      <vcs-entry-ref root-id="Builds_HttpsGithubComElbernitoHomecontrolGuiGit" />
    </vcs-settings>
    <requirements />
    <build-triggers />
    <cleanup />
  </settings>
</build-type>

