<?xml version="1.0" encoding="UTF-8"?>
<build-type xmlns:xsi="http://www.w3.org/2001/XMLSchema-instance" uuid="183306ec-3ce5-4f56-98ae-39fd2ce95e70" xsi:noNamespaceSchemaLocation="https://www.jetbrains.com/teamcity/schemas/2021.1/project-config.xsd">
  <name>HomeControl</name>
  <description>The HomeControl Server Build</description>
  <settings>
    <options>
      <option name="allowExternalStatus" value="true" />
      <option name="maximumNumberOfBuilds" value="1" />
    </options>
    <parameters>
      <param name="docker_cached_build" value="false" spec="text display='normal' validationMode='any'" />
      <param name="docker_container_cpus" value="2" spec="text display='normal' validationMode='any'" />
      <param name="docker_container_maxMem" value="512m" spec="text display='normal' validationMode='any'" />
      <param name="docker_container_name" value="%env.TEAMCITY_BUILDCONF_NAME%" spec="text display='normal' validationMode='any'" />
      <param name="docker_container_port" value="8080" spec="text display='normal' validationMode='any'" />
      <param name="docker_image_name" value="homecontrol-server" spec="text display='normal' validationMode='any'" />
    </parameters>
    <build-runners>
      <runner id="RUNNER_1" name="Maven clean install" type="Maven2">
        <parameters>
          <param name="goals" value="clean install" />
          <param name="localRepoScope" value="agent" />
          <param name="maven.path" value="%teamcity.tool.maven.DEFAULT%" />
          <param name="pomLocation" value="pom.xml" />
          <param name="teamcity.coverage.emma.include.source" value="true" />
          <param name="teamcity.coverage.emma.instr.parameters" value="-ix -*Test*" />
          <param name="teamcity.coverage.idea.includePatterns" value="ch.elbernito.*" />
          <param name="teamcity.coverage.jacoco.patterns" value="+:*" />
          <param name="teamcity.coverage.runner" value="IDEA" />
          <param name="teamcity.step.mode" value="default" />
          <param name="teamcity.tool.jacoco" value="%teamcity.tool.jacoco.DEFAULT%" />
          <param name="userSettingsSelection" value="userSettingsSelection:default" />
        </parameters>
      </runner>
      <runner id="RUNNER_3" name="Docker build" type="simpleRunner">
        <parameters>
          <param name="script.content"><![CDATA[echo "--- Copy needed files ---"
script="./scripts/build/docker/createDockerImage.sh"
chmod a+x $script
jar=$(ls ./target/*.jar)
health="./src/main/resources/docker/healthcheck.sh"
dockerfile="./src/main/resources/docker/dockerfile"

echo "Script path:   $script"
echo "Repo name:     %docker_repo_name%"
echo "Image name:    %docker_image_name%"
echo "Cached build:  %docker_cached_build%"
echo "Jar:           $jar" 
echo "Dockerfile:    $dockerfile"
echo "Healthcheck:   $health"

cp $jar .
copiedJar=$(ls ./*jar)

$script %docker_image_name% %docker_repo_name% $copiedJar %docker_cached_build% $dockerfile $health]]></param>
          <param name="teamcity.step.mode" value="default" />
          <param name="use.custom.script" value="true" />
        </parameters>
      </runner>
      <runner id="RUNNER_4" name="" type="simpleRunner">
        <parameters>
          <param name="script.content" value="sudo docker rm -f %docker_container_name%" />
          <param name="teamcity.step.mode" value="default" />
          <param name="use.custom.script" value="true" />
        </parameters>
      </runner>
      <runner id="RUNNER_5" name="" type="simpleRunner">
        <parameters>
          <param name="script.content"><![CDATA[sudo docker run -d \
    --name=%docker_container_name% \
	-m %docker_container_maxMem% \
	--cpus=%docker_container_cpus% \
	-p %docker_container_port%:8080 \
	--restart=always \
	%docker_repo_name%/%docker_image_name%]]></param>
          <param name="teamcity.step.mode" value="default" />
          <param name="use.custom.script" value="true" />
        </parameters>
      </runner>
    </build-runners>
    <vcs-settings>
      <vcs-entry-ref root-id="HomecontrolServer" />
      <vcs-entry-ref root-id="buildScripts">
        <checkout-rule rule="+:. =&gt; ./scripts" />
      </vcs-entry-ref>
    </vcs-settings>
    <requirements />
    <build-triggers>
      <build-trigger id="TRIGGER_1" type="vcsTrigger">
        <parameters>
          <param name="enableQueueOptimization" value="true" />
          <param name="quietPeriodMode" value="DO_NOT_USE" />
        </parameters>
      </build-trigger>
      <build-trigger id="TRIGGER_2" type="schedulingTrigger">
        <parameters>
          <param name="cronExpression_dm" value="*" />
          <param name="cronExpression_dw" value="?" />
          <param name="cronExpression_hour" value="*" />
          <param name="cronExpression_min" value="0" />
          <param name="cronExpression_month" value="*" />
          <param name="cronExpression_sec" value="0" />
          <param name="cronExpression_year" value="*" />
          <param name="dayOfWeek" value="Sunday" />
          <param name="enableQueueOptimization" value="true" />
          <param name="hour" value="2" />
          <param name="minute" value="0" />
          <param name="promoteWatchedBuild" value="true" />
          <param name="revisionRule" value="lastFinished" />
          <param name="revisionRuleBuildBranch" value="+:&lt;default&gt;" />
          <param name="schedulingPolicy" value="daily" />
          <param name="timezone" value="SERVER" />
        </parameters>
      </build-trigger>
    </build-triggers>
    <cleanup />
  </settings>
</build-type>

