<?xml version="1.0" encoding="UTF-8"?>
<build-type xmlns:xsi="http://www.w3.org/2001/XMLSchema-instance" uuid="bceb5a07-fafd-40e3-82f0-408cfed83f5a" xsi:noNamespaceSchemaLocation="https://www.jetbrains.com/teamcity/schemas/2021.1/project-config.xsd">
  <name>Cleaning docker</name>
  <description>Cleans old docker images and containers</description>
  <settings>
    <parameters />
    <build-runners>
      <runner id="RUNNER_6" name="Cleaning overlay" type="simpleRunner">
        <parameters>
          <param name="script.content" value="sudo docker system prune -a -f" />
          <param name="teamcity.step.mode" value="default" />
          <param name="use.custom.script" value="true" />
        </parameters>
      </runner>
    </build-runners>
    <vcs-settings />
    <requirements />
    <build-triggers>
      <build-trigger id="TRIGGER_3" type="schedulingTrigger">
        <parameters>
          <param name="cronExpression_dm" value="*" />
          <param name="cronExpression_dw" value="?" />
          <param name="cronExpression_hour" value="*" />
          <param name="cronExpression_min" value="0" />
          <param name="cronExpression_month" value="*" />
          <param name="cronExpression_sec" value="0" />
          <param name="cronExpression_year" value="*" />
          <param name="dayOfWeek" value="Sunday" />
          <param name="enableQueueOptimization" value="true" />
          <param name="hour" value="6" />
          <param name="minute" value="0" />
          <param name="promoteWatchedBuild" value="true" />
          <param name="revisionRule" value="lastFinished" />
          <param name="revisionRuleBuildBranch" value="+:&lt;default&gt;" />
          <param name="schedulingPolicy" value="daily" />
          <param name="timezone" value="SERVER" />
        </parameters>
      </build-trigger>
    </build-triggers>
    <cleanup />
  </settings>
</build-type>

