<?xml version="1.0" encoding="UTF-8"?>
<disabled-plugins>
  <disabled-plugin name="Ant" />
  <disabled-plugin name="Apache Ant" />
  <disabled-plugin name="FxCop" />
  <disabled-plugin name="TeamCity.BitBucketIssues" />
  <disabled-plugin name="bugzilla" />
  <disabled-plugin name="cloud-amazon" />
  <disabled-plugin name="cvs" />
  <disabled-plugin name="dotNetRunners" />
  <disabled-plugin name="dotnet" />
  <disabled-plugin name="feed" />
  <disabled-plugin name="gant-tool" />
  <disabled-plugin name="golang" />
  <disabled-plugin name="gradle-runner" />
  <disabled-plugin name="jira" />
  <disabled-plugin name="jira-cloud-integration" />
  <disabled-plugin name="ldap" />
  <disabled-plugin name="mercurial" />
  <disabled-plugin name="nt-domain-login" />
  <disabled-plugin name="nuget" />
  <disabled-plugin name="perforce" />
  <disabled-plugin name="powershell-runner" />
  <disabled-plugin name="rake-runner" />
  <disabled-plugin name="s3-artifact-storage" />
  <disabled-plugin name="sbt-runner" />
  <disabled-plugin name="slackNotifier" />
  <disabled-plugin name="starteam" />
  <disabled-plugin name="svn" />
  <disabled-plugin name="tfs" />
  <disabled-plugin name="visualstudiotest" />
  <disabled-plugin name="vs-addin-distributor" />
  <disabled-plugin name="vsphere" />
  <disabled-plugin name="xcode-runner" />
  <disabled-plugin name="youtrack" />
</disabled-plugins>

