<root>
  <page path="/overview">
    <usage userId="1" timestamp="1643723129902" />
  </page>
  <page path="/agent/3?tab=parameters">
    <usage userId="1" timestamp="1643724257003" />
  </page>
  <page path="/viewType.html">
    <usage userId="1" timestamp="1643221100628" />
  </page>
  <page path="/admin/admin.html">
    <usage userId="1" timestamp="1643221161176" />
  </page>
  <page path="/admin/editBuildRunners.html">
    <usage userId="1" timestamp="1643221112234" />
  </page>
  <page path="/overview.html" />
  <page path="/agentDetails.html?tab=agentSummary">
    <usage userId="1" timestamp="1643724245915" />
  </page>
  <page path="/bsout.html">
    <usage userId="1" timestamp="1643724257677" />
  </page>
  <page path="/admin/editBuild.html">
    <usage userId="1" timestamp="1643221106901" />
  </page>
  <page path="/agentDetails.html?tab=agentParameters">
    <usage userId="1" timestamp="1643724257687" />
  </page>
  <page path="/admin/buildTypeHealthStatusItems.html">
    <usage userId="1" timestamp="1643221116191" />
  </page>
  <page path="/viewLog.html">
    <usage userId="1" timestamp="1643724240403" />
  </page>
  <page path="/buildTypeHealthStatusItems.html">
    <usage userId="1" timestamp="1643221101086" />
  </page>
  <page path="/admin/editRunType.html">
    <usage userId="1" timestamp="1643221115148" />
  </page>
</root>