<?xml version="1.0" encoding="UTF-8"?>
<vcs-root xmlns:xsi="http://www.w3.org/2001/XMLSchema-instance" uuid="b23249b7-1032-4c71-b4a0-9334e0e2bff0" type="jetbrains.git" xsi:noNamespaceSchemaLocation="https://www.jetbrains.com/teamcity/schemas/2021.1/project-config.xsd">
  <name>https://github.com/elbernito/homecontrol_gui.git</name>
  <param name="agentCleanFilesPolicy" value="ALL_UNTRACKED" />
  <param name="agentCleanPolicy" value="ON_BRANCH_CHANGE" />
  <param name="authMethod" value="PASSWORD" />
  <param name="branch" value="refs/heads/main" />
  <param name="ignoreKnownHosts" value="true" />
  <param name="secure:password" value="credentialsJSON:be8a18e2-0f0e-467a-bb51-2ccdf079c133" />
  <param name="submoduleCheckout" value="CHECKOUT" />
  <param name="url" value="https://github.com/elbernito/homecontrol_gui.git" />
  <param name="useAlternates" value="AUTO" />
  <param name="username" value="teamctiy" />
  <param name="usernameStyle" value="USERID" />
</vcs-root>

