<?xml version="1.0" encoding="UTF-8"?>
<vcs-root xmlns:xsi="http://www.w3.org/2001/XMLSchema-instance" uuid="80709629-e0b4-4a0f-93a0-6b4a2459b6f9" type="jetbrains.git" xsi:noNamespaceSchemaLocation="https://www.jetbrains.com/teamcity/schemas/2021.1/project-config.xsd">
  <name>homecontrol-server</name>
  <param name="agentCleanFilesPolicy" value="ALL_UNTRACKED" />
  <param name="agentCleanPolicy" value="ON_BRANCH_CHANGE" />
  <param name="authMethod" value="PASSWORD" />
  <param name="branch" value="refs/heads/main" />
  <param name="ignoreKnownHosts" value="true" />
  <param name="secure:password" value="credentialsJSON:be8a18e2-0f0e-467a-bb51-2ccdf079c133" />
  <param name="submoduleCheckout" value="CHECKOUT" />
  <param name="url" value="https://github.com/elbernito/homecontrol-server.git" />
  <param name="useAlternates" value="AUTO" />
  <param name="username" value="teamcity" />
  <param name="usernameStyle" value="USERID" />
</vcs-root>

