<?xml version="1.0" encoding="UTF-8"?>
<project xmlns:xsi="http://www.w3.org/2001/XMLSchema-instance" uuid="d0cfefb7-bc2f-4c98-832b-d30c509673cc" xsi:noNamespaceSchemaLocation="https://www.jetbrains.com/teamcity/schemas/2021.1/project-config.xsd">
  <name>Builds</name>
  <description>Commons Builds</description>
  <parameters />
  <project-extensions>
    <extension id="PROJECT_EXT_2" type="OAuthProvider">
      <parameters>
        <param name="clientId" value="776ad02eb307189f41a2" />
        <param name="defaultTokenScope" value="public_repo,repo,repo:status,write:repo_hook" />
        <param name="displayName" value="GitHub.com" />
        <param name="gitHubUrl" value="https://github.com/" />
        <param name="providerType" value="GitHub" />
        <param name="secure:clientSecret" value="credentialsJSON:e320b2b9-d9bf-47ca-b225-251d69ca4250" />
      </parameters>
    </extension>
  </project-extensions>
  <cleanup />
</project>

