<?xml version="1.0" encoding="UTF-8"?>
<project xmlns:xsi="http://www.w3.org/2001/XMLSchema-instance" uuid="d230c751-2084-4f3b-95a0-575da41b5b98" xsi:noNamespaceSchemaLocation="https://www.jetbrains.com/teamcity/schemas/2021.1/project-config.xsd">
  <name>&lt;Root project&gt;</name>
  <description>Contains all other projects</description>
  <parameters>
    <param name="GitHubToken" value="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 " spec="text display='normal' validationMode='any'" />
    <param name="docker_repo_name" value="elbernito" spec="text display='normal' validationMode='any'" />
    <param name="env.JAVA_HOME" value="/home/pi/.sdkman/candidates/java/17.0.2.8.1-amzn" />
  </parameters>
  <project-extensions>
    <extension id="PROJECT_EXT_1" type="ReportTab">
      <parameters>
        <param name="startPage" value="coverage.zip!index.html" />
        <param name="title" value="Code Coverage" />
        <param name="type" value="BuildReportTab" />
      </parameters>
    </extension>
    <extension id="PROJECT_EXT_3" type="versionedSettings">
      <parameters>
        <param name="buildSettings" value="ALWAYS_USE_CURRENT" />
        <param name="credentialsStorageType" value="credentialsJSON" />
        <param name="enabled" value="true" />
        <param name="rootId" value="Teamcity" />
        <param name="showChanges" value="false" />
      </parameters>
    </extension>
  </project-extensions>
  <cleanup>
    <options>
      <option name="preventDependenciesArtifactsFromCleanup" value="false" />
    </options>
  </cleanup>
</project>

